timestr,localtime,venue,unixtime,winner,tz,ateam,ascore,ateamid,id,is_final,roundname,year,agoals,updated,hbehinds,round,hteam,complete,date,winnerteamid,abehinds,hgoals,is_grand_final,hscore,hteamid,result
Full Time,2026-03-05 19:30:00,S.C.G.,1772699400,Sydney,+11:00,Carlton,69,3.0,38494,0,Opening Round,2026,10.0,2026-03-05 22:16:49,12.0,0,Sydney,100,2026-03-05 19:30:00,16.0,9.0,20.0,0,132,16.0,home
Full Time,2026-03-06 19:05:00,Carrara,1772787900,Gold Coast,+11:00,Geelong,69,7.0,38495,0,Opening Round,2026,10.0,2026-03-06 22:49:32,11.0,0,Gold Coast,100,2026-03-06 20:05:00,8.0,9.0,19.0,0,125,8.0,home
Full Time,2026-03-07 16:15:00,Sydney Showground,1772860500,Greater Western Sydney,+11:00,Hawthorn,95,10.0,38496,0,Opening Round,2026,14.0,2026-03-07 19:04:20,8.0,0,Greater Western Sydney,100,2026-03-07 16:15:00,9.0,11.0,19.0,0,122,9.0,home
Full Time,2026-03-07 18:35:00,Gabba,1772872500,Western Bulldogs,+11:00,Western Bulldogs,111,18.0,38497,0,Opening Round,2026,16.0,2026-03-07 22:21:35,16.0,0,Brisbane Lions,100,2026-03-07 19:35:00,18.0,15.0,15.0,0,106,2.0,away
Full Time,2026-03-08 19:20:00,M.C.G.,1772958000,Collingwood,+11:00,Collingwood,78,4.0,38498,0,Opening Round,2026,11.0,2026-03-08 21:52:34,12.0,0,St Kilda,100,2026-03-08 19:20:00,4.0,12.0,9.0,0,66,15.0,away
Full Time,2026-03-12 19:30:00,M.C.G.,1773304200,Carlton,+11:00,Richmond,71,14.0,38499,0,Round 1,2026,9.0,2026-03-12 22:09:58,15.0,1,Carlton,100,2026-03-12 19:30:00,3.0,17.0,10.0,0,75,3.0,home
Full Time,2026-03-13 19:40:00,M.C.G.,1773391200,Hawthorn,+11:00,Hawthorn,145,10.0,38500,0,Round 1,2026,21.0,2026-03-13 22:19:54,5.0,1,Essendon,100,2026-03-13 19:40:00,10.0,19.0,13.0,0,83,5.0,away
Full Time,2026-03-14 13:15:00,Docklands,1773454500,Western Bulldogs,+11:00,Greater Western Sydney,53,9.0,38501,0,Round 1,2026,7.0,2026-03-14 15:53:37,8.0,1,Western Bulldogs,100,2026-03-14 13:15:00,18.0,11.0,21.0,0,134,18.0,home
Full Time,2026-03-14 16:15:00,Kardinia Park,1773465300,Geelong,+11:00,Fremantle,100,6.0,38502,0,Round 1,2026,14.0,2026-03-14 18:56:07,14.0,1,Geelong,100,2026-03-14 16:15:00,7.0,16.0,16.0,0,110,7.0,home
Full Time,2026-03-14 19:10:00,S.C.G.,1773475800,Sydney,+11:00,Brisbane Lions,60,2.0,38503,0,Round 1,2026,8.0,2026-03-14 21:42:36,14.0,1,Sydney,100,2026-03-14 19:10:00,16.0,12.0,15.0,0,104,16.0,home
Full Time,2026-03-14 19:35:00,M.C.G.,1773477300,Adelaide,+11:00,Adelaide,93,1.0,38504,0,Round 1,2026,13.0,2026-03-14 22:07:14,13.0,1,Collingwood,100,2026-03-14 19:35:00,1.0,15.0,11.0,0,79,4.0,away
Full Time,2026-03-15 13:10:00,Docklands,1773540600,North Melbourne,+11:00,Port Adelaide,67,13.0,38505,0,Round 1,2026,9.0,2026-03-15 15:51:28,11.0,1,North Melbourne,100,2026-03-15 13:10:00,12.0,13.0,17.0,0,113,12.0,home
Full Time,2026-03-15 15:15:00,M.C.G.,1773548100,Melbourne,+11:00,St Kilda,107,15.0,38506,0,Round 1,2026,15.0,2026-03-15 18:01:03,12.0,1,Melbourne,100,2026-03-15 15:15:00,11.0,17.0,18.0,0,120,11.0,home
Full Time,2026-03-15 17:10:00,Carrara,1773558600,Gold Coast,+11:00,West Coast,72,17.0,38507,0,Round 1,2026,10.0,2026-03-15 20:49:24,11.0,1,Gold Coast,100,2026-03-15 18:10:00,8.0,12.0,20.0,0,131,8.0,home
Full Time,2026-03-19 19:30:00,M.C.G.,1773909000,Hawthorn,+11:00,Sydney,82,16.0,38508,0,Round 2,2026,13.0,2026-03-19 22:11:12,15.0,2,Hawthorn,100,2026-03-19 19:30:00,10.0,4.0,14.0,0,99,10.0,home
Full Time,2026-03-20 19:10:00,Adelaide Oval,1773996000,Western Bulldogs,+11:00,Western Bulldogs,94,18.0,38509,0,Round 2,2026,14.0,2026-03-20 22:22:28,10.0,2,Adelaide,100,2026-03-20 19:40:00,18.0,10.0,13.0,0,88,1.0,away
Full Time,2026-03-21 13:15:00,M.C.G.,1774059300,Gold Coast,+11:00,Gold Coast,128,8.0,38510,0,Round 2,2026,19.0,2026-03-21 15:52:53,6.0,2,Richmond,100,2026-03-21 13:15:00,8.0,14.0,9.0,0,60,14.0,away
Full Time,2026-03-21 16:15:00,Sydney Showground,1774070100,St Kilda,+11:00,St Kilda,78,15.0,38511,0,Round 2,2026,11.0,2026-03-21 19:40:57,14.0,2,Greater Western Sydney,100,2026-03-21 16:15:00,15.0,12.0,10.0,0,74,9.0,away
Full Time,2026-03-21 16:35:00,Perth Stadium,1774082100,Fremantle,+11:00,Melbourne,70,11.0,38512,0,Round 2,2026,10.0,2026-03-21 22:15:15,16.0,2,Fremantle,100,2026-03-21 19:35:00,6.0,10.0,17.0,0,118,6.0,home
Full Time,2026-03-22 14:45:00,Adelaide Oval,1774152900,Port Adelaide,+11:00,Essendon,70,5.0,38513,0,Round 2,2026,10.0,2026-03-22 17:55:32,13.0,2,Port Adelaide,100,2026-03-22 15:15:00,13.0,10.0,20.0,0,133,13.0,home
Full Time,2026-03-22 15:10:00,Perth Stadium,1774163400,West Coast,+11:00,North Melbourne,94,12.0,38514,0,Round 2,2026,15.0,2026-03-22 21:00:21,9.0,2,West Coast,100,2026-03-22 18:10:00,17.0,4.0,17.0,0,111,17.0,home
Full Time,2026-03-26 19:30:00,Kardinia Park,1774513800,Geelong,+11:00,Adelaide,60,1.0,38515,0,Round 3,2026,9.0,2026-03-26 22:07:55,14.0,3,Geelong,100,2026-03-26 19:30:00,7.0,6.0,9.0,0,68,7.0,home
Full Time,2026-03-27 19:40:00,Docklands,1774600800,Collingwood,+11:00,Greater Western Sydney,54,9.0,38516,0,Round 3,2026,7.0,2026-03-27 22:10:32,9.0,3,Collingwood,100,2026-03-27 19:40:00,4.0,12.0,13.0,0,87,4.0,home
Full Time,2026-03-28 12:35:00,Docklands,1774661700,Brisbane Lions,+11:00,Brisbane Lions,113,2.0,38517,0,Round 3,2026,17.0,2026-03-28 15:15:43,14.0,3,St Kilda,100,2026-03-28 12:35:00,2.0,11.0,11.0,0,80,15.0,away
Full Time,2026-03-28 13:15:00,Perth Stadium,1774674900,Fremantle,+11:00,Richmond,43,14.0,38518,0,Round 3,2026,6.0,2026-03-28 18:47:25,25.0,3,Fremantle,100,2026-03-28 16:15:00,6.0,7.0,13.0,0,103,6.0,home
Full Time,2026-03-28 19:35:00,Docklands,1774686900,North Melbourne,+11:00,North Melbourne,81,12.0,38519,0,Round 3,2026,12.0,2026-03-28 22:02:11,15.0,3,Essendon,100,2026-03-28 19:35:00,12.0,9.0,9.0,0,69,5.0,away
Full Time,2026-03-29 12:00:00,Adelaide Oval,1774747800,West Coast,+11:00,West Coast,92,17.0,38520,0,Round 3,2026,13.0,2026-03-29 15:12:03,12.0,3,Port Adelaide,100,2026-03-29 12:30:00,17.0,14.0,13.0,0,90,13.0,away
Full Time,2026-03-29 15:15:00,M.C.G.,1774757700,Melbourne,+11:00,Melbourne,100,11.0,38521,0,Round 3,2026,15.0,2026-03-29 17:56:11,11.0,3,Carlton,100,2026-03-29 15:15:00,11.0,10.0,11.0,0,77,3.0,away
Full Time,2026-04-02 18:30:00,Gabba,1775118600,Brisbane Lions,+11:00,Collingwood,65,4.0,38522,0,Round 4,2026,10.0,2026-04-02 22:09:20,17.0,4,Brisbane Lions,100,2026-04-02 19:30:00,2.0,5.0,17.0,0,119,2.0,home
Full Time,2026-04-03 15:15:00,Docklands,1775189700,North Melbourne,+11:00,Carlton,86,3.0,38523,0,Round 4,2026,13.0,2026-04-03 17:50:19,12.0,4,North Melbourne,100,2026-04-03 15:15:00,12.0,8.0,14.0,0,96,12.0,home
Full Time,2026-04-03 18:45:00,Adelaide Oval,1775204100,Fremantle,+11:00,Fremantle,78,6.0,38524,0,Round 4,2026,11.0,2026-04-03 21:53:32,10.0,4,Adelaide,100,2026-04-03 19:15:00,6.0,12.0,11.0,0,76,1.0,away
Full Time,2026-04-04 16:15:00,M.C.G.,1775279700,Port Adelaide,+11:00,Port Adelaide,90,13.0,38525,0,Round 4,2026,13.0,2026-04-04 18:44:20,12.0,4,Richmond,100,2026-04-04 16:15:00,13.0,12.0,6.0,0,48,14.0,away
Full Time,2026-04-04 16:35:00,Perth Stadium,1775291700,Sydney,+11:00,Sydney,163,16.0,38526,0,Round 4,2026,24.0,2026-04-04 22:13:52,11.0,4,West Coast,100,2026-04-04 19:35:00,16.0,19.0,4.0,0,35,17.0,away
Full Time,2026-04-05 15:15:00,M.C.G.,1775366100,Melbourne,+10:00,Gold Coast,89,8.0,38527,0,Round 4,2026,14.0,2026-04-05 17:51:34,13.0,4,Melbourne,100,2026-04-05 15:15:00,11.0,5.0,16.0,0,109,11.0,home
Full Time,2026-04-05 19:20:00,Docklands,1775380800,Western Bulldogs,+10:00,Essendon,65,5.0,38528,0,Round 4,2026,9.0,2026-04-05 21:49:29,15.0,4,Western Bulldogs,100,2026-04-05 19:20:00,18.0,11.0,14.0,0,99,18.0,home
Full Time,2026-04-06 15:15:00,M.C.G.,1775452500,Hawthorn,+10:00,Geelong,91,7.0,38529,0,Round 4,2026,14.0,2026-04-06 17:50:19,14.0,4,Hawthorn,100,2026-04-06 15:15:00,10.0,7.0,13.0,0,92,10.0,home
Full Time,2026-04-09 19:10:00,Adelaide Oval,1775727600,Adelaide,+10:00,Carlton,86,3.0,38530,0,Round 5,2026,12.0,2026-04-09 22:26:39,12.0,5,Adelaide,100,2026-04-09 19:40:00,1.0,14.0,17.0,0,114,1.0,home
Full Time,2026-04-10 19:10:00,Adelaide Oval,1775814000,Fremantle,+10:00,Fremantle,45,6.0,38531,0,Round 5,2026,7.0,2026-04-10 22:06:33,9.0,5,Collingwood,100,2026-04-10 19:40:00,6.0,3.0,5.0,0,39,4.0,away
Full Time,2026-04-11 12:05:00,Barossa Park,1775874900,Brisbane Lions,+10:00,Brisbane Lions,92,2.0,38532,0,Round 5,2026,13.0,2026-04-11 15:15:12,12.0,5,North Melbourne,100,2026-04-11 12:35:00,2.0,14.0,9.0,0,66,12.0,away
Full Time,2026-04-11 12:45:00,Adelaide Oval,1775877300,Essendon,+10:00,Melbourne,68,11.0,38533,0,Round 5,2026,10.0,2026-04-11 15:51:47,11.0,5,Essendon,100,2026-04-11 13:15:00,5.0,8.0,17.0,0,113,5.0,home
Full Time,2026-04-11 15:45:00,Norwood Oval,1775888100,Sydney,+10:00,Gold Coast,68,8.0,38534,0,Round 5,2026,9.0,2026-04-11 18:56:04,16.0,5,Sydney,100,2026-04-11 16:15:00,16.0,14.0,14.0,0,100,16.0,home
Full Time,2026-04-11 19:05:00,Adelaide Oval,1775900100,Hawthorn,+10:00,Western Bulldogs,64,18.0,38535,0,Round 5,2026,8.0,2026-04-11 22:09:55,14.0,5,Hawthorn,100,2026-04-11 19:35:00,10.0,16.0,15.0,0,104,10.0,home
Full Time,2026-04-12 12:00:00,Norwood Oval,1775961000,Geelong,+10:00,West Coast,76,17.0,38536,0,Round 5,2026,11.0,2026-04-12 15:14:33,20.0,5,Geelong,100,2026-04-12 12:30:00,7.0,10.0,17.0,0,122,7.0,home
Full Time,2026-04-12 14:45:00,Barossa Park,1775970900,Greater Western Sydney,+10:00,Richmond,75,14.0,38537,0,Round 5,2026,11.0,2026-04-12 17:59:51,11.0,5,Greater Western Sydney,100,2026-04-12 15:15:00,9.0,9.0,20.0,0,131,9.0,home
Full Time,2026-04-12 18:45:00,Adelaide Oval,1775985300,St Kilda,+10:00,St Kilda,81,15.0,38538,0,Round 5,2026,12.0,2026-04-12 21:51:46,13.0,5,Port Adelaide,100,2026-04-12 19:15:00,15.0,9.0,9.0,0,67,13.0,away
Full Time,2026-04-16 19:30:00,M.C.G.,1776331800,Collingwood,+10:00,Collingwood,88,4.0,38539,0,Round 6,2026,13.0,2026-04-16 22:06:20,11.0,6,Carlton,100,2026-04-16 19:30:00,4.0,10.0,12.0,0,83,3.0,away
Full Time,2026-04-17 19:20:00,Kardinia Park,1776417600,Geelong,+10:00,Western Bulldogs,56,18.0,38540,0,Round 6,2026,8.0,2026-04-17 22:03:20,17.0,6,Geelong,100,2026-04-17 19:20:00,7.0,8.0,19.0,0,131,7.0,home
Full Time,2026-04-17 19:50:00,S.C.G.,1776419400,Sydney,+10:00,Greater Western Sydney,66,9.0,38541,0,Round 6,2026,8.0,2026-04-17 23:15:05,5.0,6,Sydney,100,2026-04-17 19:50:00,16.0,18.0,17.0,0,107,16.0,home
Full Time,2026-04-18 13:15:00,Carrara,1776482100,Gold Coast,+10:00,Essendon,110,5.0,38542,0,Round 6,2026,17.0,2026-04-18 15:56:27,17.0,6,Gold Coast,100,2026-04-18 13:15:00,8.0,8.0,17.0,0,119,8.0,home
Full Time,2026-04-18 16:15:00,Docklands,1776492900,Hawthorn,+10:00,Port Adelaide,86,13.0,38543,0,Round 6,2026,13.0,2026-04-18 18:53:06,11.0,6,Hawthorn,100,2026-04-18 16:15:00,10.0,8.0,13.0,0,89,10.0,home
Full Time,2026-04-18 19:05:00,Adelaide Oval,1776504900,Adelaide,+10:00,St Kilda,102,15.0,38544,0,Round 6,2026,15.0,2026-04-18 22:13:35,13.0,6,Adelaide,100,2026-04-18 19:35:00,1.0,12.0,15.0,0,103,1.0,home
Full Time,2026-04-19 13:10:00,Docklands,1776568200,North Melbourne,+10:00,Richmond,55,14.0,38545,0,Round 6,2026,7.0,2026-04-19 15:54:39,10.0,6,North Melbourne,100,2026-04-19 13:10:00,12.0,13.0,20.0,0,130,12.0,home
Full Time,2026-04-19 15:15:00,M.C.G.,1776575700,Melbourne,+10:00,Brisbane Lions,102,2.0,38546,0,Round 6,2026,15.0,2026-04-19 17:56:14,8.0,6,Melbourne,100,2026-04-19 15:15:00,11.0,12.0,16.0,0,104,11.0,home
Full Time,2026-04-19 15:10:00,Perth Stadium,1776582600,Fremantle,+10:00,Fremantle,97,6.0,38547,0,Round 6,2026,14.0,2026-04-19 19:37:24,11.0,6,West Coast,100,2026-04-19 17:10:00,6.0,13.0,5.0,0,41,17.0,away
Full Time,2026-04-23 19:30:00,Docklands,1776936600,Sydney,+10:00,Sydney,126,16.0,38548,0,Round 7,2026,18.0,2026-04-23 22:11:54,6.0,7,Western Bulldogs,100,2026-04-23 19:30:00,16.0,18.0,9.0,0,60,18.0,away
Full Time,2026-04-24 19:40:00,M.C.G.,1777023600,Melbourne,+10:00,Melbourne,126,11.0,38549,0,Round 7,2026,19.0,2026-04-24 22:18:39,6.0,7,Richmond,100,2026-04-24 19:40:00,11.0,12.0,11.0,0,72,14.0,away
Full Time,2026-04-25 12:30:00,York Park,1777084200,Hawthorn,+10:00,Gold Coast,63,8.0,38550,0,Round 7,2026,9.0,2026-04-25 15:08:41,16.0,7,Hawthorn,100,2026-04-25 12:30:00,10.0,9.0,16.0,0,112,10.0,home
Full Time,2026-04-25 15:20:00,M.C.G.,1777094400,Collingwood,+10:00,Collingwood,137,4.0,38551,0,Round 7,2026,20.0,2026-04-25 17:55:09,6.0,7,Essendon,100,2026-04-25 15:20:00,4.0,17.0,9.0,0,60,5.0,away
Full Time,2026-04-25 18:05:00,Adelaide Oval,1777106100,Port Adelaide,+10:00,Geelong,65,7.0,38552,0,Round 7,2026,10.0,2026-04-25 21:13:58,17.0,7,Port Adelaide,100,2026-04-25 18:35:00,13.0,5.0,13.0,0,95,13.0,home
Full Time,2026-04-25 18:15:00,Perth Stadium,1777112100,Fremantle,+10:00,Carlton,89,3.0,38553,0,Round 7,2026,13.0,2026-04-25 22:52:08,7.0,7,Fremantle,100,2026-04-25 20:15:00,6.0,11.0,16.0,0,103,6.0,home
Full Time,2026-04-26 13:10:00,Docklands,1777173000,St Kilda,+10:00,West Coast,42,17.0,38554,0,Round 7,2026,5.0,2026-04-26 15:47:07,11.0,7,St Kilda,100,2026-04-26 13:10:00,15.0,12.0,22.0,0,143,15.0,home
Full Time,2026-04-26 15:15:00,Gabba,1777180500,Brisbane Lions,+10:00,Adelaide,75,1.0,38555,0,Round 7,2026,11.0,2026-04-26 17:54:12,13.0,7,Brisbane Lions,100,2026-04-26 15:15:00,2.0,9.0,19.0,0,127,2.0,home
Full Time,2026-04-26 16:40:00,Manuka Oval,1777185600,Greater Western Sydney,+10:00,North Melbourne,98,12.0,38556,0,Round 7,2026,14.0,2026-04-26 19:22:31,15.0,7,Greater Western Sydney,100,2026-04-26 16:40:00,9.0,14.0,15.0,0,105,9.0,home
Full Time,2026-04-30 19:30:00,M.C.G.,1777541400,,+10:00,Hawthorn,93,10.0,38557,0,Round 8,2026,13.0,2026-04-30 22:09:25,3.0,8,Collingwood,100,2026-04-30 19:30:00,,15.0,15.0,0,93,4.0,draw
Full Time,2026-05-01 19:30:00,Docklands,1777627800,Fremantle,+10:00,Fremantle,114,6.0,38558,0,Round 8,2026,17.0,2026-05-01 22:12:21,12.0,8,Western Bulldogs,100,2026-05-01 19:30:00,6.0,12.0,15.0,0,102,18.0,away
Full Time,2026-05-01 19:40:00,Adelaide Oval,1777630200,Adelaide,+10:00,Port Adelaide,75,13.0,38559,0,Round 8,2026,11.0,2026-05-01 22:48:06,10.0,8,Adelaide,100,2026-05-01 20:10:00,1.0,9.0,11.0,0,76,1.0,home
Full Time,2026-05-02 12:35:00,Docklands,1777689300,Brisbane Lions,+10:00,Brisbane Lions,143,2.0,38560,0,Round 8,2026,22.0,2026-05-02 15:11:54,13.0,8,Essendon,100,2026-05-02 12:35:00,2.0,11.0,11.0,0,79,5.0,away
Full Time,2026-05-02 14:15:00,Perth Stadium,1777702500,Richmond,+10:00,Richmond,99,14.0,38561,0,Round 8,2026,15.0,2026-05-02 18:52:44,10.0,8,West Coast,100,2026-05-02 16:15:00,14.0,9.0,13.0,0,88,17.0,away
Full Time,2026-05-02 16:35:00,Kardinia Park,1777703700,Geelong,+10:00,North Melbourne,86,12.0,38562,0,Round 8,2026,13.0,2026-05-02 19:15:11,9.0,8,Geelong,100,2026-05-02 16:35:00,7.0,8.0,21.0,0,135,7.0,home
Full Time,2026-05-02 19:35:00,Docklands,1777714500,St Kilda,+10:00,St Kilda,108,15.0,38563,0,Round 8,2026,16.0,2026-05-02 22:10:06,15.0,8,Carlton,100,2026-05-02 19:35:00,15.0,12.0,9.0,0,69,3.0,away
Full Time,2026-05-03 15:15:00,S.C.G.,1777785300,Sydney,+10:00,Melbourne,114,11.0,38564,0,Round 8,2026,17.0,2026-05-03 18:05:43,17.0,8,Sydney,100,2026-05-03 15:15:00,16.0,12.0,19.0,0,131,16.0,home
Full Time,2026-05-03 19:20:00,Carrara,1777800000,Gold Coast,+10:00,Greater Western Sydney,63,9.0,38565,0,Round 8,2026,8.0,2026-05-03 21:53:50,17.0,8,Gold Coast,100,2026-05-03 19:20:00,8.0,15.0,11.0,0,83,8.0,home
Full Time,2026-05-07 18:10:00,Perth Stadium,1778148600,Fremantle,+10:00,Hawthorn,73,10.0,38566,0,Round 9,2026,11.0,2026-05-07 22:44:20,16.0,9,Fremantle,100,2026-05-07 20:10:00,6.0,7.0,12.0,0,88,6.0,home
Full Time,2026-05-08 19:30:00,Gabba,1778232600,Brisbane Lions,+10:00,Carlton,89,3.0,38567,0,Round 9,2026,13.0,2026-05-08 22:11:37,16.0,9,Brisbane Lions,100,2026-05-08 19:30:00,2.0,11.0,14.0,0,100,2.0,home
Full Time,2026-05-08 19:40:00,Adelaide Oval,1778235000,Western Bulldogs,+10:00,Western Bulldogs,74,18.0,38568,0,Round 9,2026,10.0,2026-05-08 22:44:32,12.0,9,Port Adelaide,100,2026-05-08 20:10:00,18.0,14.0,10.0,0,72,13.0,away
Full Time,2026-05-09 13:15:00,Docklands,1778296500,Sydney,+10:00,Sydney,105,16.0,38569,0,Round 9,2026,16.0,2026-05-09 15:51:48,13.0,9,North Melbourne,100,2026-05-09 13:15:00,16.0,9.0,14.0,0,97,12.0,away
Full Time,2026-05-09 16:15:00,Sydney Showground,1778307300,Greater Western Sydney,+10:00,Essendon,89,5.0,38570,0,Round 9,2026,13.0,2026-05-09 18:53:54,7.0,9,Greater Western Sydney,100,2026-05-09 16:15:00,9.0,11.0,16.0,0,103,9.0,home
Full Time,2026-05-09 18:40:00,Marrara Oval,1778317800,Gold Coast,+10:00,St Kilda,60,15.0,38571,0,Round 9,2026,8.0,2026-05-09 21:46:08,11.0,9,Gold Coast,100,2026-05-09 19:10:00,8.0,12.0,13.0,0,89,8.0,home
Full Time,2026-05-09 19:35:00,M.C.G.,1778319300,Geelong,+10:00,Collingwood,68,4.0,38572,0,Round 9,2026,9.0,2026-05-09 22:13:18,14.0,9,Geelong,100,2026-05-09 19:35:00,7.0,14.0,18.0,0,122,7.0,home
Full Time,2026-05-10 13:10:00,Docklands,1778382600,Melbourne,+10:00,West Coast,67,17.0,38573,0,Round 9,2026,9.0,2026-05-10 15:51:00,9.0,9,Melbourne,100,2026-05-10 13:10:00,11.0,13.0,15.0,0,99,11.0,home
Full Time,2026-05-10 15:15:00,M.C.G.,1778390100,Adelaide,+10:00,Adelaide,98,1.0,38574,0,Round 9,2026,14.0,2026-05-10 17:44:17,7.0,9,Richmond,100,2026-05-10 15:15:00,1.0,14.0,9.0,0,61,14.0,away
Full Time,2026-05-14 19:30:00,Gabba,1778751000,Geelong,+10:00,Geelong,117,7.0,38575,0,Round 10,2026,17.0,2026-05-14 22:13:02,10.0,10,Brisbane Lions,100,2026-05-14 19:30:00,7.0,15.0,11.0,0,76,2.0,away
Full Time,2026-05-15 19:30:00,S.C.G.,1778837400,Sydney,+10:00,Collingwood,75,4.0,38576,0,Round 10,2026,10.0,2026-05-15 22:16:44,15.0,10,Sydney,100,2026-05-15 19:30:00,16.0,15.0,11.0,0,81,16.0,home
Full Time,2026-05-15 19:40:00,Marrara Oval,1778839800,Gold Coast,+10:00,Port Adelaide,73,13.0,38577,0,Round 10,2026,10.0,2026-05-15 22:52:35,8.0,10,Gold Coast,100,2026-05-15 20:10:00,8.0,13.0,15.0,0,98,8.0,home
Full Time,2026-05-16 12:45:00,Adelaide Oval,1778901300,Adelaide,+10:00,North Melbourne,65,12.0,38578,0,Round 10,2026,9.0,2026-05-16 15:54:41,13.0,10,Adelaide,100,2026-05-16 13:15:00,1.0,11.0,20.0,0,133,1.0,home
Full Time,2026-05-16 16:15:00,M.C.G.,1778912100,Melbourne,+10:00,Hawthorn,81,10.0,38579,0,Round 10,2026,12.0,2026-05-16 18:53:16,12.0,10,Melbourne,100,2026-05-16 16:15:00,11.0,9.0,18.0,0,120,11.0,home
Full Time,2026-05-16 19:35:00,Docklands,1778924100,Carlton,+10:00,Western Bulldogs,62,18.0,38580,0,Round 10,2026,9.0,2026-05-16 22:06:50,14.0,10,Carlton,100,2026-05-16 19:35:00,3.0,8.0,10.0,0,74,3.0,home
Full Time,2026-05-17 13:10:00,M.C.G.,1778987400,Fremantle,+10:00,Fremantle,104,6.0,38581,0,Round 10,2026,16.0,2026-05-17 15:40:36,13.0,10,Essendon,100,2026-05-17 13:10:00,6.0,8.0,8.0,0,61,5.0,away
Full Time,2026-05-17 15:15:00,Docklands,1778994900,St Kilda,+10:00,Richmond,73,14.0,38582,0,Round 10,2026,11.0,2026-05-17 17:52:10,13.0,10,St Kilda,100,2026-05-17 15:15:00,15.0,7.0,16.0,0,109,15.0,home
Full Time,2026-05-17 16:15:00,Perth Stadium,1779005700,West Coast,+10:00,Greater Western Sydney,71,9.0,38583,0,Round 10,2026,10.0,2026-05-17 20:57:24,10.0,10,West Coast,100,2026-05-17 18:15:00,17.0,11.0,13.0,0,88,17.0,home
Full Time,2026-05-21 19:30:00,York Park,1779355800,Hawthorn,+10:00,Adelaide,66,1.0,38584,0,Round 11,2026,9.0,2026-05-21 22:11:02,15.0,11,Hawthorn,100,2026-05-21 19:30:00,10.0,12.0,10.0,0,75,10.0,home
Full Time,2026-05-22 19:45:00,M.C.G.,1779443100,Richmond,+10:00,Essendon,56,5.0,38585,0,Round 11,2026,7.0,2026-05-22 22:17:48,14.0,11,Richmond,100,2026-05-22 19:45:00,14.0,14.0,10.0,0,74,14.0,home
Full Time,2026-05-22 18:30:00,Perth Stadium,1779445800,Fremantle,+10:00,St Kilda,74,15.0,38586,0,Round 11,2026,11.0,2026-05-22 23:07:21,8.0,11,Fremantle,100,2026-05-22 20:30:00,6.0,8.0,16.0,0,104,6.0,home
Full Time,2026-05-23 13:15:00,Docklands,1779506100,North Melbourne,+10:00,Gold Coast,105,8.0,38587,0,Round 11,2026,16.0,2026-05-23 15:58:39,9.0,11,North Melbourne,100,2026-05-23 13:15:00,12.0,9.0,17.0,0,111,12.0,home
Full Time,2026-05-23 16:15:00,Kardinia Park,1779516900,Geelong,+10:00,Sydney,80,16.0,38588,0,Round 11,2026,12.0,2026-05-23 18:51:21,17.0,11,Geelong,100,2026-05-23 16:15:00,7.0,8.0,15.0,0,107,7.0,home
Full Time,2026-05-23 16:35:00,M.C.G.,1779518100,Collingwood,+10:00,West Coast,82,17.0,38589,0,Round 11,2026,12.0,2026-05-23 19:17:48,14.0,11,Collingwood,100,2026-05-23 16:35:00,4.0,10.0,13.0,0,92,4.0,home
Full Time,2026-05-23 19:05:00,Adelaide Oval,1779528900,Carlton,+10:00,Carlton,92,3.0,38590,0,Round 11,2026,13.0,2026-05-23 22:09:07,10.0,11,Port Adelaide,100,2026-05-23 19:35:00,3.0,14.0,8.0,0,58,13.0,away
Full Time,2026-05-24 12:30:00,Sydney Showground,1779589800,Greater Western Sydney,+10:00,Brisbane Lions,88,2.0,38591,0,Round 11,2026,13.0,2026-05-24 15:20:29,10.0,11,Greater Western Sydney,100,2026-05-24 12:30:00,9.0,10.0,26.0,0,166,9.0,home
Full Time,2026-05-24 15:15:00,Docklands,1779599700,Western Bulldogs,+10:00,Melbourne,90,11.0,38592,0,Round 11,2026,13.0,2026-05-24 17:59:24,9.0,11,Western Bulldogs,100,2026-05-24 15:15:00,18.0,12.0,14.0,0,93,18.0,home
Full Time,2026-05-28 19:30:00,Docklands,1779960600,Hawthorn,+10:00,Hawthorn,119,10.0,38593,0,Round 12,2026,18.0,2026-05-28 22:08:55,13.0,12,St Kilda,100,2026-05-28 19:30:00,10.0,11.0,9.0,0,67,15.0,away
Full Time,2026-05-29 19:40:00,M.C.G.,1780047600,Carlton,+10:00,Geelong,84,7.0,38594,0,Round 12,2026,12.0,2026-05-29 22:17:31,16.0,12,Carlton,100,2026-05-29 19:40:00,3.0,12.0,12.0,0,88,3.0,home
Full Time,2026-05-30 13:15:00,S.C.G.,1780110900,Sydney,+10:00,Richmond,56,14.0,38595,0,Round 12,2026,8.0,2026-05-30 15:55:06,20.0,12,Sydney,100,2026-05-30 13:15:00,16.0,8.0,25.0,0,170,16.0,home
Full Time,2026-05-30 16:15:00,Gabba,1780121700,Fremantle,+10:00,Fremantle,103,6.0,38596,0,Round 12,2026,15.0,2026-05-30 18:53:22,18.0,12,Brisbane Lions,100,2026-05-30 16:15:00,6.0,13.0,10.0,0,78,2.0,away
Full Time,2026-05-30 19:35:00,Docklands,1780133700,Western Bulldogs,+10:00,Collingwood,93,4.0,38597,0,Round 12,2026,13.0,2026-05-30 22:08:35,13.0,12,Western Bulldogs,100,2026-05-30 19:35:00,18.0,15.0,14.0,0,97,18.0,home
Full Time,2026-05-31 14:45:00,Traeger Park,1780204500,Greater Western Sydney,+10:00,Greater Western Sydney,119,9.0,38598,0,Round 12,2026,19.0,2026-05-31 17:50:45,16.0,12,Melbourne,100,2026-05-31 15:15:00,9.0,5.0,9.0,0,70,11.0,away
Full Time,2026-05-31 17:20:00,Perth Stadium,1780219200,West Coast,+10:00,Essendon,55,5.0,38599,0,Round 12,2026,8.0,2026-05-31 21:55:37,13.0,12,West Coast,100,2026-05-31 19:20:00,17.0,7.0,12.0,0,85,17.0,home
Full Time,2026-06-04 19:00:00,Adelaide Oval,1780565400,Adelaide,+10:00,Geelong,74,7.0,38600,0,Round 13,2026,10.0,2026-06-04 22:14:20,9.0,13,Adelaide,100,2026-06-04 19:30:00,1.0,14.0,11.0,0,75,1.0,home
Full Time,2026-06-05 19:40:00,M.C.G.,1780652400,Western Bulldogs,+10:00,Western Bulldogs,77,18.0,38601,0,Round 13,2026,12.0,2026-06-05 22:13:53,17.0,13,Hawthorn,100,2026-06-05 19:40:00,18.0,5.0,9.0,0,71,10.0,away
Full Time,2026-06-06 12:15:00,Hands Oval,1780719300,Fremantle,+10:00,Fremantle,155,6.0,38602,0,Round 13,2026,24.0,2026-06-06 16:51:47,7.0,13,North Melbourne,100,2026-06-06 14:15:00,6.0,11.0,4.0,0,31,12.0,away
Full Time,2026-06-06 17:15:00,Carrara,1780730100,Brisbane Lions,+10:00,Brisbane Lions,106,2.0,38603,0,Round 13,2026,15.0,2026-06-06 19:47:56,9.0,13,Gold Coast,100,2026-06-06 17:15:00,2.0,16.0,11.0,0,75,8.0,away
Full Time,2026-06-06 18:15:00,Perth Stadium,1780740900,Port Adelaide,+10:00,Port Adelaide,77,13.0,38604,0,Round 13,2026,11.0,2026-06-06 22:52:25,11.0,13,West Coast,100,2026-06-06 20:15:00,13.0,11.0,10.0,0,71,17.0,away
Full Time,2026-06-07 15:15:00,S.C.G.,1780809300,Sydney,+10:00,St Kilda,102,15.0,38605,0,Round 13,2026,15.0,2026-06-07 18:01:03,14.0,13,Sydney,100,2026-06-07 15:15:00,16.0,12.0,15.0,0,104,16.0,home
Full Time,2026-06-07 19:20:00,M.C.G.,1780824000,Carlton,+10:00,Carlton,72,3.0,38606,0,Round 13,2026,10.0,2026-06-07 21:50:28,7.0,13,Essendon,100,2026-06-07 19:20:00,3.0,12.0,10.0,0,67,5.0,away
Full Time,2026-06-08 15:15:00,M.C.G.,1780895700,Melbourne,+10:00,Melbourne,83,11.0,38607,0,Round 13,2026,12.0,2026-06-08 17:57:35,9.0,13,Collingwood,100,2026-06-08 15:15:00,11.0,11.0,11.0,0,75,4.0,away
Full Time,2026-06-11 19:30:00,Docklands,1781170200,Adelaide,+10:00,Adelaide,121,1.0,38608,0,Round 14,2026,19.0,2026-06-11 22:10:29,10.0,14,Western Bulldogs,100,2026-06-11 19:30:00,1.0,7.0,9.0,0,64,18.0,away
Full Time,2026-06-12 19:40:00,Kardinia Park,1781257200,Geelong,+10:00,Gold Coast,60,8.0,38609,0,Round 14,2026,8.0,2026-06-12 22:16:07,15.0,14,Geelong,100,2026-06-12 19:40:00,7.0,12.0,15.0,0,105,7.0,home
Full Time,2026-06-13 13:15:00,M.C.G.,1781320500,Melbourne,+10:00,Essendon,50,5.0,38610,0,Round 14,2026,6.0,2026-06-13 15:44:55,17.0,14,Melbourne,100,2026-06-13 13:15:00,11.0,14.0,13.0,0,95,11.0,home
Full Time,2026-06-13 14:15:00,Perth Stadium,1781331300,North Melbourne,+10:00,West Coast,73,17.0,38611,0,Round 14,2026,10.0,2026-06-13 18:57:16,14.0,14,North Melbourne,100,2026-06-13 16:15:00,12.0,13.0,10.0,0,74,12.0,home
Full Time,2026-06-13 19:05:00,Adelaide Oval,1781343300,Sydney,+10:00,Sydney,93,16.0,38612,0,Round 14,2026,14.0,2026-06-13 22:10:56,12.0,14,Port Adelaide,100,2026-06-13 19:35:00,16.0,9.0,13.0,0,90,13.0,away
Full Time,2026-06-14 13:10:00,Bellerive Oval,1781406600,Brisbane Lions,+10:00,Brisbane Lions,115,2.0,38613,0,Round 14,2026,17.0,2026-06-14 15:50:02,8.0,14,Richmond,100,2026-06-14 13:10:00,2.0,13.0,12.0,0,80,14.0,away
Full Time,2026-06-14 15:15:00,Docklands,1781414100,St Kilda,+10:00,Greater Western Sydney,88,9.0,38614,0,Round 14,2026,13.0,2026-06-14 17:54:27,12.0,14,St Kilda,100,2026-06-14 15:15:00,15.0,10.0,14.0,0,96,15.0,home
Full Time,2026-06-18 18:10:00,Perth Stadium,1781777400,Fremantle,+10:00,Geelong,90,7.0,38615,0,Round 15,2026,14.0,2026-06-18 22:46:21,15.0,15,Fremantle,100,2026-06-18 20:10:00,6.0,6.0,14.0,0,99,6.0,home
Full Time,2026-06-19 19:40:00,Carrara,1781862000,Hawthorn,+10:00,Hawthorn,113,10.0,38616,0,Round 15,2026,17.0,2026-06-19 22:19:07,13.0,15,Gold Coast,100,2026-06-19 19:40:00,10.0,11.0,14.0,0,97,8.0,away
Full Time,2026-06-20 12:45:00,Adelaide Oval,1781925300,Adelaide,+10:00,Melbourne,62,11.0,38617,0,Round 15,2026,9.0,2026-06-20 15:53:09,13.0,15,Adelaide,100,2026-06-20 13:15:00,1.0,8.0,11.0,0,79,1.0,home
Full Time,2026-06-20 16:15:00,Sydney Showground,1781936100,Carlton,+10:00,Carlton,88,3.0,38618,0,Round 15,2026,12.0,2026-06-20 18:49:19,11.0,15,Greater Western Sydney,100,2026-06-20 16:15:00,3.0,16.0,9.0,0,65,9.0,away
Full Time,2026-06-20 19:35:00,M.C.G.,1781948100,Collingwood,+10:00,Port Adelaide,52,13.0,38619,0,Round 15,2026,6.0,2026-06-20 22:06:42,12.0,15,Collingwood,100,2026-06-20 19:35:00,4.0,16.0,11.0,0,78,4.0,home
Full Time,2026-06-21 13:10:00,M.C.G.,1782011400,North Melbourne,+10:00,North Melbourne,73,12.0,38620,0,Round 15,2026,10.0,2026-06-21 15:39:03,12.0,15,Richmond,100,2026-06-21 13:10:00,12.0,13.0,6.0,0,48,14.0,away
Full Time,2026-06-21 15:15:00,Docklands,1782018900,Western Bulldogs,+10:00,Western Bulldogs,83,18.0,38621,0,Round 15,2026,12.0,2026-06-21 17:53:19,13.0,15,St Kilda,100,2026-06-21 15:15:00,18.0,11.0,8.0,0,61,15.0,away
Full Time,2026-06-25 19:30:00,Gabba,1782379800,Brisbane Lions,+10:00,Sydney,83,16.0,38622,0,Round 16,2026,12.0,2026-06-25 22:16:30,12.0,16,Brisbane Lions,100,2026-06-25 19:30:00,2.0,11.0,19.0,0,126,2.0,home
Full Time,2026-06-26 19:40:00,M.C.G.,1782466800,Hawthorn,+10:00,Greater Western Sydney,82,9.0,38625,0,Round 16,2026,12.0,2026-06-26 22:23:47,12.0,16,Hawthorn,100,2026-06-26 19:40:00,10.0,10.0,14.0,0,96,10.0,home
Full Time,2026-06-27 13:15:00,Docklands,1782530100,Carlton,+10:00,West Coast,64,17.0,38623,0,Round 16,2026,9.0,2026-06-27 15:51:23,15.0,16,Carlton,100,2026-06-27 13:15:00,3.0,10.0,17.0,0,117,3.0,home
Full Time,2026-06-27 16:15:00,M.C.G.,1782540900,Collingwood,+10:00,Richmond,72,14.0,38624,0,Round 16,2026,11.0,2026-06-27 18:46:11,16.0,16,Collingwood,100,2026-06-27 16:15:00,4.0,6.0,15.0,0,106,4.0,home
Full Time,2026-06-27 19:05:00,Adelaide Oval,1782552900,Port Adelaide,+10:00,Adelaide,71,1.0,38627,0,Round 16,2026,11.0,2026-06-27 22:12:19,19.0,16,Port Adelaide,100,2026-06-27 19:35:00,13.0,5.0,13.0,0,97,13.0,home
Full Time,2026-06-28 15:15:00,Docklands,1782623700,North Melbourne,+10:00,Essendon,65,5.0,38626,0,Round 16,2026,9.0,2026-06-28 17:47:14,19.0,16,North Melbourne,100,2026-06-28 15:15:00,12.0,11.0,10.0,0,79,12.0,home
Full Time,2026-06-28 15:10:00,Perth Stadium,1782630600,Fremantle,+10:00,Gold Coast,29,8.0,38628,0,Round 16,2026,3.0,2026-06-28 19:36:10,14.0,16,Fremantle,100,2026-06-28 17:10:00,6.0,11.0,11.0,0,80,6.0,home
Full Time,2026-07-02 19:30:00,Kardinia Park,1782984600,Brisbane Lions,+10:00,Brisbane Lions,123,2.0,38630,0,Round 17,2026,19.0,2026-07-02 22:17:33,17.0,17,Geelong,100,2026-07-02 19:30:00,2.0,9.0,14.0,0,101,7.0,away
Full Time,2026-07-03 19:40:00,S.C.G.,1783071600,Sydney,+10:00,Western Bulldogs,55,18.0,38635,0,Round 17,2026,7.0,2026-07-03 22:22:22,12.0,17,Sydney,100,2026-07-03 19:40:00,16.0,13.0,13.0,0,90,16.0,home
Full Time,2026-07-03 18:10:00,Perth Stadium,1783073400,Adelaide,+10:00,Adelaide,99,1.0,38637,0,Round 17,2026,15.0,2026-07-03 22:48:42,8.0,17,West Coast,100,2026-07-03 20:10:00,1.0,9.0,11.0,0,74,17.0,away
Full Time,2026-07-04 13:15:00,York Park,1783134900,Melbourne,+10:00,Melbourne,125,11.0,38633,0,Round 17,2026,19.0,2026-07-04 15:59:01,6.0,17,Hawthorn,100,2026-07-04 13:15:00,11.0,11.0,14.0,0,90,10.0,away
Full Time,2026-07-04 13:35:00,Manuka Oval,1783136100,Greater Western Sydney,+10:00,Fremantle,88,6.0,38632,0,Round 17,2026,13.0,2026-07-04 16:14:22,13.0,17,Greater Western Sydney,100,2026-07-04 13:35:00,9.0,10.0,16.0,0,109,9.0,home
Full Time,2026-07-04 16:15:00,Carrara,1783145700,Collingwood,+10:00,Collingwood,104,4.0,38631,0,Round 17,2026,15.0,2026-07-04 18:59:40,8.0,17,Gold Coast,100,2026-07-04 16:15:00,4.0,14.0,15.0,0,98,8.0,away
Full Time,2026-07-04 19:35:00,M.C.G.,1783157700,Carlton,+10:00,Carlton,74,3.0,38634,0,Round 17,2026,10.0,2026-07-04 22:10:56,12.0,17,Richmond,100,2026-07-04 19:35:00,3.0,14.0,10.0,0,72,14.0,away
Full Time,2026-07-05 15:15:00,Docklands,1783228500,St Kilda,+10:00,St Kilda,117,15.0,38629,0,Round 17,2026,17.0,2026-07-05 17:49:35,8.0,17,Essendon,100,2026-07-05 15:15:00,15.0,15.0,7.0,0,50,5.0,away
Full Time,2026-07-05 16:10:00,Adelaide Oval,1783233600,Port Adelaide,+10:00,North Melbourne,52,12.0,38636,0,Round 17,2026,7.0,2026-07-05 19:12:05,13.0,17,Port Adelaide,100,2026-07-05 16:40:00,13.0,10.0,10.0,0,73,13.0,home
Full Time,2026-07-09 18:10:00,Perth Stadium,1783591800,Fremantle,+10:00,Sydney,73,16.0,38646,0,Round 18,2026,10.0,2026-07-09 22:51:10,21.0,18,Fremantle,100,2026-07-09 20:10:00,6.0,13.0,15.0,0,111,6.0,home
Full Time,2026-07-10 19:40:00,Docklands,1783676400,Collingwood,+10:00,North Melbourne,85,12.0,38640,0,Round 18,2026,12.0,2026-07-10 22:19:23,11.0,18,Collingwood,100,2026-07-10 19:40:00,4.0,13.0,13.0,0,89,4.0,home
Full Time,2026-07-11 13:15:00,Docklands,1783739700,St Kilda,+10:00,Port Adelaide,73,13.0,38643,0,Round 18,2026,10.0,2026-07-11 15:55:26,9.0,18,St Kilda,100,2026-07-11 13:15:00,15.0,13.0,13.0,0,87,15.0,home
Full Time,2026-07-11 16:15:00,Sydney Showground,1783750500,Greater Western Sydney,+10:00,Geelong,73,7.0,38641,0,Round 18,2026,11.0,2026-07-11 19:02:08,14.0,18,Greater Western Sydney,100,2026-07-11 16:15:00,9.0,7.0,12.0,0,86,9.0,home
Full Time,2026-07-11 19:35:00,M.C.G.,1783762500,Hawthorn,+10:00,Hawthorn,103,10.0,38639,0,Round 18,2026,15.0,2026-07-11 22:11:21,3.0,18,Carlton,100,2026-07-11 19:35:00,10.0,13.0,6.0,0,39,3.0,away
Full Time,2026-07-11 19:40:00,Adelaide Oval,1783764600,Adelaide,+10:00,Gold Coast,49,8.0,38645,0,Round 18,2026,7.0,2026-07-11 22:53:06,14.0,18,Adelaide,100,2026-07-11 20:10:00,1.0,7.0,19.0,0,128,1.0,home
Full Time,2026-07-12 13:10:00,Docklands,1783825800,Western Bulldogs,+10:00,West Coast,70,17.0,38644,0,Round 18,2026,9.0,2026-07-12 15:49:54,8.0,18,Western Bulldogs,100,2026-07-12 13:10:00,18.0,16.0,13.0,0,86,18.0,home
Full Time,2026-07-12 15:15:00,M.C.G.,1783833300,Melbourne,+10:00,Richmond,65,14.0,38642,0,Round 18,2026,9.0,2026-07-12 17:53:24,15.0,18,Melbourne,100,2026-07-12 15:15:00,11.0,11.0,16.0,0,111,11.0,home
Full Time,2026-07-12 16:40:00,Gabba,1783838400,Brisbane Lions,+10:00,Essendon,59,5.0,38638,0,Round 18,2026,8.0,2026-07-12 19:19:39,17.0,18,Brisbane Lions,100,2026-07-12 16:40:00,2.0,11.0,22.0,0,149,2.0,home
Full Time,2026-07-16 19:30:00,Kardinia Park,1784194200,Geelong,+10:00,St Kilda,75,15.0,38649,0,Round 19,2026,11.0,2026-07-16 22:15:35,12.0,19,Geelong,100,2026-07-16 19:30:00,7.0,9.0,15.0,0,102,7.0,home
Full Time,2026-07-17 19:40:00,S.C.G.,1784281200,Adelaide,+10:00,Adelaide,87,1.0,38653,0,Round 19,2026,13.0,2026-07-17 22:24:59,11.0,19,Sydney,100,2026-07-17 19:40:00,1.0,9.0,10.0,0,71,16.0,away
Full Time,2026-07-18 12:45:00,Adelaide Oval,1784344500,Fremantle,+10:00,Fremantle,103,6.0,38654,0,Round 19,2026,15.0,2026-07-18 15:50:54,9.0,19,Port Adelaide,100,2026-07-18 13:15:00,6.0,13.0,11.0,0,75,13.0,away
Full Time,2026-07-18 16:15:00,Docklands,1784355300,Melbourne,+10:00,Melbourne,92,11.0,38651,0,Round 19,2026,13.0,2026-07-18 18:48:14,10.0,19,North Melbourne,100,2026-07-18 16:15:00,11.0,14.0,11.0,0,76,12.0,away
Full Time,2026-07-18 19:35:00,M.C.G.,1784367300,Collingwood,+10:00,Carlton,69,3.0,38647,0,Round 19,2026,10.0,2026-07-18 22:13:21,6.0,19,Collingwood,100,2026-07-18 19:35:00,4.0,9.0,14.0,0,90,4.0,home
Full Time,2026-07-18 18:10:00,Perth Stadium,1784369400,Brisbane Lions,+10:00,Brisbane Lions,93,2.0,38655,0,Round 19,2026,13.0,2026-07-18 22:51:07,9.0,19,West Coast,100,2026-07-18 20:10:00,2.0,15.0,10.0,0,69,17.0,away
Full Time,2026-07-19 13:10:00,M.C.G.,1784430600,Hawthorn,+10:00,Hawthorn,122,10.0,38652,0,Round 19,2026,18.0,2026-07-19 15:49:30,16.0,19,Richmond,100,2026-07-19 13:10:00,10.0,14.0,6.0,0,52,14.0,away
Full Time,2026-07-19 15:15:00,Carrara,1784438100,Western Bulldogs,+10:00,Western Bulldogs,77,18.0,38650,0,Round 19,2026,11.0,2026-07-19 17:47:34,14.0,19,Gold Coast,100,2026-07-19 15:15:00,18.0,11.0,9.0,0,68,8.0,away
Full Time,2026-07-19 16:40:00,Docklands,1784443200,Essendon,+10:00,Greater Western Sydney,64,9.0,38648,0,Round 19,2026,8.0,2026-07-19 19:14:59,7.0,19,Essendon,100,2026-07-19 16:40:00,5.0,16.0,10.0,0,67,5.0,home
Full Time,2026-07-23 19:00:00,Adelaide Oval,1784799000,Collingwood,+10:00,Collingwood,108,4.0,38663,0,Round 20,2026,16.0,2026-07-23 22:14:07,8.0,20,Adelaide,100,2026-07-23 19:30:00,4.0,12.0,11.0,0,74,1.0,away
Full Time,2026-07-24 19:40:00,M.C.G.,1784886000,Geelong,+10:00,Geelong,117,7.0,38661,0,Round 20,2026,18.0,2026-07-24 22:20:34,13.0,20,Melbourne,100,2026-07-24 19:40:00,7.0,9.0,14.0,0,97,11.0,away
Full Time,2026-07-24 18:10:00,Perth Stadium,1784887800,Fremantle,+10:00,West Coast,42,17.0,38664,0,Round 20,2026,6.0,2026-07-24 22:46:16,16.0,20,Fremantle,100,2026-07-24 20:10:00,6.0,6.0,16.0,0,112,6.0,home
Full Time,2026-07-25 13:05:00,Docklands,1784948700,Carlton,+10:00,Gold Coast,97,8.0,38657,0,Round 20,2026,15.0,2026-07-25 15:41:35,14.0,20,Carlton,100,2026-07-25 13:05:00,3.0,7.0,16.0,0,110,3.0,home
Full Time,2026-07-25 16:15:00,M.C.G.,1784960100,Hawthorn,+10:00,Essendon,39,5.0,38659,0,Round 20,2026,5.0,2026-07-25 18:55:53,18.0,20,Hawthorn,100,2026-07-25 16:15:00,10.0,9.0,19.0,0,132,10.0,home
Full Time,2026-07-25 16:35:00,Sydney Showground,1784961300,Sydney,+10:00,Sydney,139,16.0,38658,0,Round 20,2026,21.0,2026-07-25 19:20:28,10.0,20,Greater Western Sydney,100,2026-07-25 16:35:00,16.0,13.0,13.0,0,88,9.0,away
Full Time,2026-07-25 19:40:00,Docklands,1784972400,Western Bulldogs,+10:00,Richmond,48,14.0,38662,0,Round 20,2026,7.0,2026-07-25 22:12:41,15.0,20,Western Bulldogs,100,2026-07-25 19:40:00,18.0,6.0,15.0,0,105,18.0,home
Full Time,2026-07-26 13:10:00,Gabba,1785035400,Brisbane Lions,+10:00,Port Adelaide,67,13.0,38656,0,Round 20,2026,9.0,2026-07-26 15:47:02,12.0,20,Brisbane Lions,100,2026-07-26 13:10:00,2.0,13.0,19.0,0,126,2.0,home
Full Time,2026-07-26 15:15:00,Docklands,1785042900,St Kilda,+10:00,St Kilda,93,15.0,38660,0,Round 20,2026,13.0,2026-07-26 17:49:08,14.0,20,North Melbourne,100,2026-07-26 15:15:00,15.0,15.0,8.0,0,62,12.0,away
Full Time,2026-07-30 19:30:00,M.C.G.,1785403800,Geelong,+10:00,Geelong,97,7.0,38666,0,Round 21,2026,15.0,2026-07-30 22:07:14,12.0,21,Collingwood,100,2026-07-30 19:30:00,7.0,7.0,10.0,0,72,4.0,away
Full Time,2026-07-31 18:10:00,Perth Stadium,1785492600,Fremantle,+10:00,Western Bulldogs,41,18.0,38673,0,Round 21,2026,5.0,2026-07-31 22:40:34,12.0,21,Fremantle,100,2026-07-31 20:10:00,6.0,11.0,11.0,0,78,6.0,home
Full Time,2026-08-01 13:05:00,Docklands,1785553500,Sydney,+10:00,Sydney,107,16.0,38671,0,Round 21,2026,16.0,2026-08-01 15:53:49,10.0,21,St Kilda,100,2026-08-01 13:05:00,16.0,11.0,13.0,0,88,15.0,away
Full Time,2026-08-01 13:35:00,York Park,1785555300,Hawthorn,+10:00,North Melbourne,83,12.0,38669,0,Round 21,2026,12.0,2026-08-01 16:10:23,15.0,21,Hawthorn,100,2026-08-01 13:35:00,10.0,11.0,14.0,0,99,10.0,home
Full Time,2026-08-01 18:05:00,Adelaide Oval,1785573300,Greater Western Sydney,+10:00,Greater Western Sydney,75,9.0,38672,0,Round 21,2026,10.0,2026-08-01 21:09:34,9.0,21,Port Adelaide,100,2026-08-01 18:35:00,9.0,15.0,9.0,0,63,13.0,away
Full Time,2026-08-01 19:40:00,Docklands,1785577200,Carlton,+10:00,Brisbane Lions,78,2.0,38665,0,Round 21,2026,11.0,2026-08-01 22:23:21,10.0,21,Carlton,100,2026-08-01 19:40:00,3.0,12.0,24.0,0,154,3.0,home
Full Time,2026-08-02 13:10:00,M.C.G.,1785640200,Richmond,+10:00,West Coast,73,17.0,38670,0,Round 21,2026,9.0,2026-08-02 15:48:52,12.0,21,Richmond,100,2026-08-02 13:10:00,14.0,19.0,12.0,0,84,14.0,home
Full Time,2026-08-02 15:15:00,Carrara,1785647700,Melbourne,+10:00,Melbourne,114,11.0,38668,0,Round 21,2026,18.0,2026-08-02 17:58:03,9.0,21,Gold Coast,100,2026-08-02 15:15:00,11.0,6.0,16.0,0,105,8.0,away
Full Time,2026-08-02 16:40:00,Docklands,1785652800,Adelaide,+10:00,Adelaide,145,1.0,38667,0,Round 21,2026,23.0,2026-08-02 19:18:55,7.0,21,Essendon,100,2026-08-02 16:40:00,1.0,7.0,11.0,0,73,5.0,away
Full Time,2026-08-06 19:30:00,Docklands,1786008600,North Melbourne,+10:00,North Melbourne,100,12.0,38680,0,Round 22,2026,15.0,2026-08-06 22:06:37,11.0,22,Western Bulldogs,100,2026-08-06 19:30:00,12.0,10.0,11.0,0,77,18.0,away
Full Time,2026-08-07 19:40:00,Gabba,1786095600,Brisbane Lions,+10:00,Hawthorn,58,10.0,38674,0,Round 22,2026,8.0,2026-08-07 22:19:18,17.0,22,Brisbane Lions,100,2026-08-07 19:40:00,2.0,10.0,18.0,0,125,2.0,home
Full Time,2026-08-08 13:15:00,M.C.G.,1786158900,Melbourne,+10:00,Fremantle,109,6.0,38677,0,Round 22,2026,17.0,2026-08-08 15:54:01,11.0,22,Melbourne,100,2026-08-08 13:15:00,11.0,7.0,17.0,0,113,11.0,home
Full Time,2026-08-08 16:15:00,S.C.G.,1786169700,Sydney,+10:00,Port Adelaide,70,13.0,38679,0,Round 22,2026,10.0,2026-08-08 18:58:17,11.0,22,Sydney,100,2026-08-08 16:15:00,16.0,10.0,26.0,0,167,16.0,home
Full Time,2026-08-08 16:35:00,Kardinia Park,1786170900,Geelong,+10:00,Essendon,50,5.0,38675,0,Round 22,2026,7.0,2026-08-08 19:14:48,15.0,22,Geelong,100,2026-08-08 16:35:00,7.0,8.0,17.0,0,117,7.0,home
Full Time,2026-08-08 19:05:00,Adelaide Oval,1786181700,Adelaide,+10:00,Richmond,54,14.0,38681,0,Round 22,2026,7.0,2026-08-08 22:12:37,9.0,22,Adelaide,100,2026-08-08 19:35:00,1.0,12.0,9.0,0,63,1.0,home
Full Time,2026-08-09 13:10:00,Manuka Oval,1786245000,Gold Coast,+10:00,Gold Coast,79,8.0,38676,0,Round 22,2026,11.0,2026-08-09 15:57:29,11.0,22,Greater Western Sydney,100,2026-08-09 13:10:00,8.0,13.0,11.0,0,77,9.0,away
Full Time,2026-08-09 14:10:00,Perth Stadium,1786255800,Collingwood,+10:00,Collingwood,117,4.0,38682,0,Round 22,2026,17.0,2026-08-09 18:56:54,8.0,22,West Coast,100,2026-08-09 16:10:00,4.0,15.0,15.0,0,98,17.0,away
Full Time,2026-08-09 19:20:00,Docklands,1786267200,Carlton,+10:00,Carlton,106,3.0,38678,0,Round 22,2026,16.0,2026-08-09 21:57:54,14.0,22,St Kilda,100,2026-08-09 19:20:00,3.0,10.0,8.0,0,62,15.0,away
Full Time,2026-08-14 18:10:00,Perth Stadium,1786702200,Fremantle,+10:00,Adelaide,88,1.0,38691,0,Round 23,2026,13.0,2026-08-14 22:53:40,16.0,23,Fremantle,100,2026-08-14 20:10:00,6.0,10.0,16.0,0,112,6.0,home
Full Time,2026-08-15 12:35:00,M.C.G.,1786761300,St Kilda,+10:00,St Kilda,94,15.0,38688,0,Round 23,2026,14.0,2026-08-15 15:10:07,9.0,23,Richmond,100,2026-08-15 12:35:00,15.0,10.0,6.0,0,45,14.0,away
Full Time,2026-08-15 15:45:00,Docklands,1786772700,Geelong,+10:00,Geelong,125,7.0,38687,0,Round 23,2026,19.0,2026-08-15 18:27:01,8.0,23,North Melbourne,100,2026-08-15 15:45:00,7.0,11.0,17.0,0,110,12.0,away
Full Time,2026-08-15 16:15:00,Gabba,1786774500,Brisbane Lions,+10:00,Gold Coast,53,8.0,38683,0,Round 23,2026,6.0,2026-08-15 18:46:41,11.0,23,Brisbane Lions,100,2026-08-15 16:15:00,2.0,17.0,14.0,0,95,2.0,home
Full Time,2026-08-15 19:40:00,M.C.G.,1786786800,,+10:00,Collingwood,92,4.0,38686,0,Round 23,2026,13.0,2026-08-15 22:20:03,14.0,23,Hawthorn,100,2026-08-15 19:40:00,,14.0,13.0,0,92,10.0,draw
Full Time,2026-08-15 19:40:00,Adelaide Oval,1786788600,Melbourne,+10:00,Melbourne,132,11.0,38690,0,Round 23,2026,20.0,2026-08-15 22:47:11,8.0,23,Port Adelaide,100,2026-08-15 20:10:00,11.0,12.0,8.0,0,56,13.0,away
Full Time,2026-08-16 13:40:00,Sydney Showground,1786851600,Greater Western Sydney,+10:00,West Coast,57,17.0,38685,0,Round 23,2026,7.0,2026-08-16 16:18:33,15.0,23,Greater Western Sydney,100,2026-08-16 13:40:00,9.0,15.0,16.0,0,111,9.0,home
Full Time,2026-08-16 15:15:00,Docklands,1786857300,,+10:00,Carlton,82,3.0,38689,0,Round 23,2026,12.0,2026-08-16 17:50:43,10.0,23,Western Bulldogs,100,2026-08-16 15:15:00,,10.0,12.0,0,82,18.0,draw
Full Time,2026-08-16 16:40:00,M.C.G.,1786862400,Sydney,+10:00,Sydney,112,16.0,38684,0,Round 23,2026,17.0,2026-08-16 19:19:40,10.0,23,Essendon,100,2026-08-16 16:40:00,16.0,10.0,11.0,0,76,5.0,away
Full Time,2026-08-20 19:30:00,Docklands,1787218200,Gold Coast,+10:00,Gold Coast,103,8.0,38697,0,Round 24,2026,14.0,2026-08-20 22:06:33,8.0,24,St Kilda,100,2026-08-20 19:30:00,8.0,19.0,12.0,0,80,15.0,away
Full Time,2026-08-21 19:40:00,M.C.G.,1787305200,Brisbane Lions,+10:00,Brisbane Lions,159,2.0,38692,0,Round 24,2026,25.0,2026-08-21 22:27:34,6.0,24,Collingwood,100,2026-08-21 19:40:00,2.0,9.0,15.0,0,96,4.0,away
Full Time,2026-08-22 13:15:00,Docklands,1787368500,Carlton,+10:00,Fremantle,82,6.0,38693,0,Round 24,2026,12.0,2026-08-22 15:51:15,11.0,24,Carlton,100,2026-08-22 13:15:00,3.0,10.0,18.0,0,119,3.0,home
Full Time,2026-08-22 16:15:00,M.C.G.,1787379300,Western Bulldogs,+10:00,Western Bulldogs,108,18.0,38696,0,Round 24,2026,16.0,2026-08-22 18:57:51,15.0,24,Melbourne,100,2026-08-22 16:15:00,18.0,12.0,12.0,0,87,11.0,away
Full Time,2026-08-22 19:45:00,Kardinia Park,1787391900,Geelong,+10:00,Richmond,76,14.0,38695,0,Round 24,2026,11.0,2026-08-22 22:26:31,13.0,24,Geelong,100,2026-08-22 19:45:00,7.0,10.0,20.0,0,133,7.0,home
Full Time,2026-08-22 19:40:00,Adelaide Oval,1787393400,Adelaide,+10:00,Greater Western Sydney,101,9.0,38699,0,Round 24,2026,15.0,2026-08-22 22:57:27,13.0,24,Adelaide,100,2026-08-22 20:10:00,1.0,11.0,24.0,0,157,1.0,home
Full Time,2026-08-23 12:20:00,Docklands,1787451600,Port Adelaide,+10:00,Port Adelaide,104,13.0,38694,0,Round 24,2026,16.0,2026-08-23 14:57:09,11.0,24,Essendon,100,2026-08-23 12:20:00,13.0,8.0,14.0,0,95,5.0,away
Full Time,2026-08-23 15:20:00,S.C.G.,1787462400,Sydney,+10:00,North Melbourne,70,12.0,38698,0,Round 24,2026,10.0,2026-08-23 18:02:32,21.0,24,Sydney,100,2026-08-23 15:20:00,16.0,10.0,17.0,0,123,16.0,home
Full Time,2026-08-23 17:20:00,Perth Stadium,1787476800,Hawthorn,+10:00,Hawthorn,107,10.0,38700,0,Round 24,2026,16.0,2026-08-23 22:02:04,9.0,24,West Coast,100,2026-08-23 19:20:00,10.0,11.0,6.0,0,45,17.0,away
